Date,Content
2023-12-23,https://boxd.it/5njMFB
2023-12-23,https://boxd.it/1U5db
2023-12-25,https://boxd.it/2VOBfV
2023-12-26,https://boxd.it/ltDA5
2023-12-26,https://boxd.it/exhjL
2023-12-26,https://boxd.it/2bmHcX
2023-12-27,https://boxd.it/3qBBSB
2023-12-27,https://boxd.it/3pT4XP
2023-12-29,https://boxd.it/3kANuP
2023-12-30,https://boxd.it/dS2Mh
2023-12-30,https://boxd.it/adalT
2023-12-30,https://boxd.it/z8G8n
2023-12-30,https://boxd.it/5IJNl
2024-02-13,https://boxd.it/5zE2v1
2024-02-13,https://boxd.it/5OOZpB
2024-11-10,https://boxd.it/7I59Ap
2024-11-10,https://boxd.it/1aUPAJ
2024-11-10,https://boxd.it/xJFOX
2024-11-11,https://boxd.it/5s0LB1
2024-11-16,https://boxd.it/Ms2Rf
2024-11-17,https://boxd.it/73kIUF
2024-11-20,https://boxd.it/1jYqUD
2024-11-20,https://boxd.it/7QKiJT
2024-11-20,https://boxd.it/1ptrp
2024-11-20,https://boxd.it/7lODWD
2024-11-21,https://boxd.it/7R5o0R
2024-11-21,https://boxd.it/zZqjb
2024-11-22,https://boxd.it/4ZYRO5
2024-12-13,https://boxd.it/7fwVd7
2024-12-25,https://boxd.it/877Xcr
2024-12-27,https://boxd.it/EiaGR
2025-01-05,https://boxd.it/3rW2Zt
2025-01-06,https://boxd.it/RBMyL
2025-01-06,https://boxd.it/8fPJdl
